class_id,class_name,true_positives,false_positives,false_negatives,precision_iou50,recall_iou50,f1_iou50
0,Green,849,262,56,0.7641764176417641,0.938121546961326,0.8422619047619048
1,Half,142,83,45,0.6311111111111111,0.7593582887700535,0.6893203883495145
2,Red,1269,518,100,0.7101287073307219,0.926953981008035,0.8041825095057034
3,Young,822,358,19,0.6966101694915254,0.9774078478002378,0.8134586838198912
