class_id,class_name,mAP50_95
0,Green,0.700190533691114
1,Half,0.6762331555518782
2,Red,0.6177868274351661
3,Young,0.6261307315204133
