predicted_maturity_class,fruit_count,avg_confidence,std_confidence,min_confidence,max_confidence,avg_bbox_area_pct,avg_exposure_score,avg_discoloration_score,avg_maturity_index
Green,5142,0.7509625965590979,0.1748647516030702,0.250725656747818,0.972881555557251,1.2856977085156553,4.381369117075068,2.5904317386231037,35.0
Half,1154,0.7483328562520406,0.2064896535352965,0.2505139112472534,0.9867504239082336,2.0294189453125,4.220970537261699,4.761698440207972,65.0
Red,8767,0.6818980903089474,0.19780605101690227,0.2500365376472473,0.9823498725891113,0.8968583415168387,3.8981407551043685,3.0133455001710963,90.0
Young,4890,0.7375947699346913,0.1804992845195019,0.250479519367218,0.9990146160125732,0.8599070168711657,4.1629856850715745,1.7443762781186094,10.0
